name_1,name_2
Mathieu P.H.,Paul Henri Mathieu
Benneteau J.,Julien Benneteau
Korolev E.,Evgeny Korolev
Jones A.,Alun Jones
Guccione C.,Chris Guccione
Odesnik W.,Wayne Odesnik
Nieminen J.,Jarkko Nieminen
Klec I.,Ivo Klec
Tsonga J.W.,Jo Wilfried Tsonga
Hanescu V.,Victor Hanescu
Spadea V.,Vincent Spadea
Grosjean S.,Sebastien Grosjean
Acasuso J.,Jose Acasuso
Falla A.,Alejandro Falla
Hewitt L.,Lleyton Hewitt
Sela D.,Dudi Sela
Dancevic F.,Frank Dancevic
Bolelli S.,Simone Bolelli
Gulbis E.,Ernests Gulbis
Golubev A.,Andrey Golubev
Sirianni J.,Joseph Sirianni
Querrey S.,Sam Querrey
Becker B.,Benjamin Becker
Russell M.,Michael Russell
Llodra M.,Michael Llodra
Zverev M.,Mischa Zverev
Eschauer W.,Werner Eschauer
Salva B.,Bartolome Salva Vidal
Vliegen K.,Kristof Vliegen
Gicquel M.,Marc Gicquel
Haase R.,Robin Haase
Baghdatis M.,Marcos Baghdatis
Peya A.,Alexander Peya
Zovko L.,Lovro Zovko
Ascione T.,Thierry Ascione
Nadal R.,Rafael Nadal
Montcourt M.,Mathieu Montcourt
Ram R.,Rajeev Ram
Schukin Y.,Yuri Schukin
Mahut N.,Nicolas Mahut
Moya C.,Carlos Moya
Gabashvili T.,Teymuraz Gabashvili
Cilic M.,Marin Cilic
Troicki V.,Viktor Troicki
Kudryavtsev A.,Alexander Kudryavtsev
Amritraj P.,Prakash Amritraj
Youzhny M.,Mikhail Youzhny
Serra F.,Florent Serra
Malisse X.,Xavier Malisse
Melzer J.,Jurgen Melzer
Murray A.,Andy Murray
Rochus O.,Olivier Rochus
Schuettler R.,Rainer Schuettler
Pavel A.,Andrei Pavel
Tipsarevic J.,Janko Tipsarevic
Ventura S.,Santiago Ventura
Calleri A.,Agustin Calleri
Robredo T.,Tommy Robredo
Wawrinka S.,Stanislas Wawrinka
Martin A.,Alberto Martin
Davydenko N.,Nikolay Davydenko
Dorsch B.,Benedikt Dorsch
Kiefer N.,Nicolas Kiefer
de Chaunac S.,Sebastien De Chaunac
Rochus C.,Christophe Rochus
Karlovic I.,Ivo Karlovic
Tursunov D.,Dmitry Tursunov
Montanes A.,Albert Montanes
Johansson T.,Thomas Johansson
Berrer M.,Michael Berrer
Kohlschreiber P.,Philipp Kohlschreiber
Volandri F.,Filippo Volandri
Ljubicic I.,Ivan Ljubicic
Lee H.T.,Hyung Taik Lee
Santoro F.,Fabrice Santoro
Almagro N.,Nicolas Almagro
Chela J.I.,Juan Ignacio Chela
Mayer F.,Florian Mayer
Massu N.,Nicolas Massu
Roitman S.,Sergio Roitman
Rosol L.,Lukas Rosol
Cakl T.,Tomas Cakl
Ferrero J.C.,Juan Carlos Ferrero
Levine J.,Jesse Levine
Ferrer D.,David Ferrer
Hernandez O.,Oscar Hernandez
Monaco J.,Juan Monaco
Luczak P.,Peter Luczak
Berdych T.,Tomas Berdych
Verdasco F.,Fernando Verdasco
Lopez F.,Feliciano Lopez
Jones G.,Greg Jones
Blake J.,James Blake
Simon G.,Gilles Simon
Fish M.,Mardy Fish
Gasquet R.,Richard Gasquet
Andreev I.,Igor Andreev
Seppi A.,Andreas Seppi
Stepanek R.,Radek Stepanek
Darcis S.,Steve Darcis
Minar I.,Ivo Minar
Koubek S.,Stefan Koubek
Baker J.,Jamie Baker
Capdeville P.,Paul Capdeville
Klein B.,Brydan Klein
Clement A.,Arnaud Clement
Pashanski B.,Boris Pashanski
Lu Y.H.,Yen Hsun Lu
Reynolds B.,Bobby Reynolds
Slanar M.,Martin Slanar
Roddick A.,Andy Roddick
Dlouhy L.,Lukas Dlouhy
Patience O.,Olivier Patience
Young D.,Donald Young
Anderson K.,Kevin Anderson
Levy H.,Harel Levy
Warburg S.,Sam Warburg
Brzezicki J.P.,Juan Pablo Brzezicki
Lindahl N.,Nick Lindahl
Horna L.,Luis Horna
Karanusic R.,Roko Karanusic
Granollers M.,Marcel Granollers
Djokovic N.,Novak Djokovic
Delic A.,Amer Delic
Kendrick R.,Robert Kendrick
Berlocq C.,Carlos Berlocq
Ram A.,Andy Ram
Nalbandian D.,David Nalbandian
Smeets R.,Robert Smeets
Istomin D.,Denis Istomin
Lacko L.,Lukas Lacko
Gremelmayr D.,Denis Gremelmayr
Safin M.,Marat Safin
Vanek J.,Jiri Vanek
Zabaleta M.,Mariano Zabaleta
Fognini F.,Fabio Fognini
Isner J.,John Isner
Del Potro J.M.,Juan Martin Del Potro
Gonzalez F.,Fernando Gonzalez
Economidis K.,Konstantinos Economidis
Federer R.,Roger Federer
Hartfield D.,Diego Hartfield
Gaudio G.,Gaston Gaudio
Cuevas P.,Pablo Cuevas
Coria G.,Guillermo Coria
Lapentti N.,Nicolas Lapentti
Schwank E.,Eduardo Schwank
Podlipnik H.,Hans Podlipnik Castillo
Devilder N.,Nicolas Devilder
Marrero D.,David Marrero
Garcia A.,Adrian Garcia
Bellucci T.,Thomaz Bellucci
Aldi F.,Francesco Aldi
Starace P.,Potito Starace
Munoz de la Nava D.,Daniel Munoz De La Nava
Daniel M.,Marcos Daniel
Decoud S.,Sebastian Decoud
Kuerten G.,Gustavo Kuerten
Ginepri R.,Robby Ginepri
Bowles C.,Clint Bowles
Haas T.,Tommy Haas
Bogomolov A.,Alex Bogomolov Jr
Kunitsyn I.,Igor Kunitsyn
Muller G.,Gilles Muller
Crugnola M.,Marco Crugnola
Mirnyi M.,Max Mirnyi
Gregorc L.,Luka Gregorc
Nishikori K.,Kei Nishikori
Soderling R.,Robin Soderling
Elgin M.,Michail Elgin
Huta Galung J.,Jesse Huta Galung
Guez D.,David Guez
Ancic M.,Mario Ancic
Dodig I.,Ivan Dodig
Gonzalez M.,Maximo Gonzalez
Prodon E.,Eric Prodon
Bachinger M.,Matthias Bachinger
Sluiter R.,Raemon Sluiter
Hernych J.,Jan Hernych
Witten J.,Jesse Witten
Smyczek T.,Tim Smyczek
Rodriguez B.,Bruno Rodriguez
Canas G.,Guillermo Canas
Echagaray B.,Bruno Echagaray
Ramirez C.,Cesar Ramirez
Bjorkman J.,Jonas Bjorkman
Niemeyer F.,Frederic Niemeyer
Skugor F.,Franco Skugor
Kavcic B.,Blaz Kavcic
de Voest R.,Rik De Voest
Bastl G.,George Bastl
Stakhovsky S.,Sergiy Stakhovsky
Cervenak P.,Pavol Cervenak
Minar J.,Jan Minar
Monfils G.,Gael Monfils
Ledovskikh M.,Mikhail Ledovskikh
Nader M.,Mahmoud Nader Al Baloushi
Giraldo S.,Santiago Giraldo
Vemic D.,Dusan Vemic
Hrbaty D.,Dominik Hrbaty
Sweeting R.,Ryan Sweeting
Gil F.,Frederico Gil
Sousa J.,Joao Sousa
Marach O.,Oliver Marach
Elias G.,Gastao Elias
Naso G.,Gianluca Naso
Machado R.,Rui Machado
Petzschner P.,Philipp Petzschner
Cipolla F.,Flavio Cipolla
Vicente F.,Fernando Vicente
Armando H.,Hugo Armando
Harrison R.,Ryan Harrison
Andujar P.,Pablo Andujar
Lisnard J.R.,Jean Rene Lisnard
Trujillo G.,Gabriel Trujillo Soler
Lopez M.,Miguel Angel Lopez Jaen
Sanchez De Luna J.,Jose Antonio Sanchez De Luna
Kukushkin M.,Mikhail Kukushkin
Marrai M.,Matteo Marrai
Brands D.,Daniel Brands
Silva J.,Julio Silva
Eitzinger R.,Rainer Eitzinger
El Aynaoui Y.,Younes El Aynaoui
Sidorenko A.,Alexandre Sidorenko
Fabbiano T.,Thomas Fabbiano
Beck A.,Andreas Beck
Jun W.S.,Woong Sun Jun
Polansky P.,Peter Polansky
Ouahab L.,Lamine Ouahab
Verkerk M.,Martin Verkerk
Hajek J.,Jan Hajek
Vagnozzi S.,Simone Vagnozzi
Przysiezny M.,Michal Przysiezny
Chardy J.,Jeremy Chardy
Ouanna J.,Josselin Ouanna
Eysseric J.,Jonathan Eysseric
Greul S.,Simon Greul
Crivoi V.,Victor Crivoi
Jenkins S.,Scoville Jenkins
Junqueira D.,Diego Junqueira
Mannarino A.,Adrian Mannarino
Phau B.,Bjorn Phau
Vacek J.,Jan Vacek
Lipsky S.,Scott Lipsky
Goodall J.,Joshua Goodall
Ward J.,James Ward
Bogdanovic A.,Alex Bogdanovic
Evans D.,Daniel Evans
Bloomfield R.,Richard Bloomfield
Olejniczak D.,Dawid Olejniczak
Berankis R.,Ricardas Berankis
Mertinak M.,Michal Mertinak
Skoch D.,David Skoch
Janowicz J.,Jerzy Janowicz
Dimitrov G.,Grigor Dimitrov
Middelkoop M.,Matwe Middelkoop
Bopanna R.,Rohan Bopanna
Groth S.,Samuel Groth
Nielsen F.,Frederik Nielsen
Slabinsky A.,Alexander Slabinsky
Kim K,Kevin Kim
Dabul B.,Brian Dabul
Kamke T.,Tobias Kamke
Stadler S.,Simon Stadler
Bozoljac I.,Ilija Bozoljac
Snobel P.,Pavel Snobel
Van der Merwe I.,Izak Van Der Merwe
Galvani S.,Stefano Galvani
Eaton C.,Chris Eaton
Rehnquist B.,Bjorn Rehnquist
Ryderstedt M.,Michael Ryderstedt
Goransson T.,Tim Goransson
Prpic F.,Filip Prpic
Koellerer D.,Daniel Koellerer
Eleskovic E.,Ervin Eleskovic
Lammer M.,Michael Lammer
Meffert D.,Dominik Meffert
Bohli S.,Stephane Bohli
Roshardt R.,Robin Roshardt
Kim K.,Kimmer Coppejans
Pless K.,Kristian Pless
Evans B.,Brendan Evans
Qureshi A.U.H.,Aisam Ul Haq Qureshi
Dent T.,Taylor Dent
Fischer M.,Martin Fischer
Brizzi A.,Alberto Brizzi
De Bakker T.,Thiemo De Bakker
Cruciat A.,Adrian Cruciat
Sijsling I.,Igor Sijsling
Matsukevitch D.,Denis Matsukevitch
Soeda G.,Go Soeda
Oswald P.,Philipp Oswald
Mayer L.,Leonardo Mayer
Veic A.,Antonio Veic
Piccari F.,Francesco Piccari
Belic L.,Luka Belic
Yani M.,Michael Yani
Stoppini A.,Andrea Stoppini
Estrella V.,Victor Estrella
Fleishman Z.,Zack Fleishman
Devvarman S.,Somdev Devvarman
Ignatik U.,Uladzimir Ignatik
Delgado R.,Ramon Delgado
De Heart R.,Ryler Deheart
Ball C.,Carsten Ball
Recouderc L.,Laurent Recouderc
Zib T.,Tomas Zib
Alves T.,Thiago Alves
Krajicek A.,Austin Krajicek
Udomchoke D.,Danai Udomchoke
Djokovic M.,Marko Djokovic
Nam H.W.,Hyun Woo Nam
Xu J.C.,Jun Chao Xu
Scherrer J.C.,Jean Claude Scherrer
Sun P.,Peng Sun
Bai Y.,Yan Bai
Jouan R.,Romain Jouan
Suzuki T.,Takao Suzuki
Sugita Y.,Yuichi Sugita
Iwabuchi S.,Satoshi Iwabuchi
Kondo H.,Hiroki Kondo
Ito Y.,Yuichi Ito
Mamiit C.,Cecil Mamiit
Ito T.,Tatsuma Ito
Donskoy E.,Evgeny Donskoy
Okun N.,Noam Okun
Johansson J.,Joachim Johansson
Chiudinelli M.,Marco Chiudinelli
Lejnieks K.,Karlis Lejnieks
Tomic B.,Bernard Tomic
Hajji A.,Abdulla Hajji
Beck K.,Karol Beck
Statham J.,Jose Rubin Statham
Ebelthite C.,Colin Ebelthite
Kindlmann D.,Dieter Kindlmann
Klaasen R.,Raven Klaasen
Anderson A.,Andrew Anderson
Hutchins R.,Ross Hutchins
Mektic N.,Nikola Mektic
Saretta F.,Flavio Saretta
Hocevar R.,Ricardo Hocevar
Silva D.,Daniel Dutra Da Silva
Zampieri C.,Caio Zampieri
Kubot L.,Lukasz Kubot
Poerschke L.,Lars Poerschke
Mello R.,Ricardo Mello
Widom T.,Todd Widom
Lapentti G.,Giovanni Lapentti
Ferreiro F.,Franco Ferreiro
Marchenko I.,Illya Marchenko
Gonzalez S.,Santiago Gonzalez
King E.,Evan King
Bhambri Y.,Yuki Bhambri
Ziadi M.,Mehdi Ziadi
El Amrani R.,Reda El Amrani
Chaki R.,Rabie Chaki
Krajinovic F.,Filip Krajinovic
Zlatanovic A.,Arsenije Zlatanovic
Kloer S.,Sascha Kloer
Vik R.,Robin Vik
Rufin G.,Guillaume Rufin
Fleming C.,Colin Fleming
Norman D.,Dick Norman
Berta D.,Daniel Berta
Zemlja G.,Grega Zemlja
Ghedin R.,Riccardo Ghedin
Zeballos H.,Horacio Zeballos
Vinciguerra A.,Andreas Vinciguerra
Riba P.,Pere Riba
Krawietz K.,Kevin Krawietz
Britton D.,Devin Britton
Dustov F.,Farrukh Dustov
Del Bonis F.,Federico Delbonis
Klizan M.,Martin Klizan
Agostinelli B.,Bruno Agostinelli
Raonic M.,Milos Raonic
Ilhan M.,Marsel Ilhan
Buchanan C.,Chase Buchanan
Luncanu P.A.,Petru Alexandru Luncanu
Copil M.,Marius Copil
Valent R.,Roman Valent
Wachiramanowong K.,Kittipong Wachiramanowong
Zeng S.X.,Shao Xuan Zeng
Gong M.X.,Mao Xin Gong
Biryukov M.,Mikhail Biryukov
Kuznetsov A.,Andrey Kuznetsov
Kontinen H.,Henri Kontinen
Haehnel J.,Jerome Haehnel
Lorenzi P.,Paolo Lorenzi
Millot V.,Vincent Millot
Vovk S.,Stanislav Vovk
Bautista R.,Roberto Bautista Agut
Millman J.,John Millman
Ebden M.,Matthew Ebden
Reister J.,Julian Reister
Yang T.H.,Tsung Hua Yang
Robert S.,Stephane Robert
Sorensen L.,Louk Sorensen
Maamoun K.,Karim Maamoun
Lemke J.,James Lemke
Cervantes I.,Inigo Cervantes Huegun
Matosevic M.,Marinko Matosevic
Kubler J.,Jason Kubler
Sergeyev I.,Ivan Sergeyev
Brown D.,Dustin Brown
Balleret B.,Benjamin Balleret
Wolmarans F.,Fritz Wolmarans
Aguilar J.,Jorge Aguilar
Aranguren J.M.,Juan Martin Aranguren
Souza J.,Joao Souza
Saavedra Corvalan C.,Cristobal Saavedra Corvalan
Jelenic P.,Petar Jelenic
Bemelmans R.,Ruben Bemelmans
Dutra Silva R.,Rogerio Dutra Silva
Im K.T.,Kyu Tae Im
Mertens Y.,Yannick Mertens
Niland C.,Conor Niland
Lajovic D.,Dusan Lajovic
Di Mauro A.,Alessio Di Mauro
Tavares L.,Leonardo Tavares
Gojowczyk P.,Peter Gojowczyk
Mina G.,Gianni Mina
Paire B.,Benoit Paire
Emmrich M.,Martin Emmrich
Junaid R.,Rameez Junaid
Alcaide G.,Guillermo Alcaide
Kudla D.,Denis Kudla
Bubka S.,Sergei Bubka
Dasnieres de Veigy J.,Jonathan Dasnieres De Veigy
Lindell C.,Christian Lindell
Knittel B.,Bastian Knittel
Sadecky A.,Alexander Sadecky
Marti Y.,Yann Marti
Velotti A.,Agustin Velotti
Johnson S.,Steve Johnson
Melzer G.,Gerald Melzer
Duclos P.L.,Pierre Ludovic Duclos
Bester P.,Philip Bester
Lojda D.,Dusan Lojda
Klahn B.,Bradley Klahn
Sock J.,Jack Sock
Ungur A.,Adrian Ungur
Kravchuk K.,Konstantin Kravchuk
Si Y.M.,Yew Ming Si
Cermak F.,Frantisek Cermak
Zhang Z.,Ze Zhang
Wu D.,Di Wu
Belyaev I.,Ilya Belyaev
Schoorel T.,Thomas Schoorel
Muster T.,Thomas Muster
Marti J.,Javier Marti
Goffin D.,David Goffin
Sabry S.,Sherif Sabry
Venus M.,Michael Venus
Scholtz N.,Nicolaas Scholtz
Rios F.,Felipe Rios
Bagnis F.,Facundo Bagnis
Pospisil J.,Jaroslav Pospisil
Romboli F.,Fernando Romboli
Clezar G.,Guilherme Clezar
Ghem A.,Andre Ghem
Farah R.,Robert Farah
Borvanov R.,Roman Borvanov
Galdon P.,Pablo Galdon
Kumantsov A.,Andrey Kumantsov
Garza D.,Daniel Garza
Sanchez M.,Manuel Sanchez
Awadhy O.,Omar Awadhy
Ramos A.,Albert Ramos
Sousa P.,Pedro Sousa
Teixeira M.,Maxime Teixeira
Gensse A.,Augustin Gensse
Stebe C.M.,Cedrik Marcel Stebe
Cox D.,Daniel Cox
Golding O.,Oliver Golding
Kirillov E.,Evgeny Kirillov
Walter L.,Ludovic Walter
De Schepper K.,Kenny De Schepper
Wang J.,Jimmy Wang
Olaso G.,Guillermo Olaso
Kern R.,Robin Kern
Simmonds P.,Phillip Simmonds
Kosakowski D.,Daniel Kosakowski
Grigelis L.,Laurynas Grigelis
Pavic M.,Mate Pavic
Delic M.,Mate Delic
Thiem D.,Dominic Thiem
Sitak A.,Artem Sitak
Chvojka E.,Erik Chvojka
Pospisil V.,Vasek Pospisil
Jaziri M.,Malek Jaziri
Giannessi A.,Alessandro Giannessi
Torebko P.,Peter Torebko
Rodrigues M.,Mathieu Rodrigues
Renavand N.,Nicolas Renavand
Li Z.,Zhe Li
Zopp J.,Jurgen Zopp
Rieschick S.,Sebastian Rieschick
Nedelko I.,Ivan Nedelko
Bedene A.,Aljaz Bedene
Duckworth J.,James Duckworth
Mitchell B.,Benjamin Mitchell
Vardhan V.,Vishnu Vardhan
Al Mutawa J.,Jabor Al Mutawa
Mesaros K.,Kristijan Mesaros
Marcan D.,Dino Marcan
Kutrovsky D.,Dimitar Kutrovsky
Lajola D.,Dennis Lajola
Strode B.,Blake Strode
Molteni A.,Andres Molteni
Olivetti A.,Albano Olivetti
Cabal J.S.,Juan Sebastian Cabal
Williams R.,Rhyne Williams
Idmbarek Y.,Yassine Idmbarek
Moraru G.,Gabriel Moraru
Balazs A.,Attila Balazs
Baker B.,Brian Baker
Broady L.,Liam Broady
Fucsovics M.,Marton Fucsovics
Trungelliti M.,Marco Trungelliti
Trusendi W.,Walter Trusendi
Fraile G.,Gorka Fraile
Viola M.,Matteo Viola
Ehrat S.,Sandro Ehrat
Laaksonen H.,Henri Laaksonen
Meister N.,Nicolas Meister
Mcclune M.,Michael Mcclune
Andreozzi G.,Guido Andreozzi
Moriya H.,Hiroki Moriya
Pella G.,Guido Pella
Authom M.,Maxime Authom
Novikov D.,Dennis Novikov
Reix C.,Clement Reix
Vasilevski A.,Andrei Vasilevski
Betov S.,Sergey Betov
Fidirko N.,Nikolai Fidirko
Siriluethaiwattana P.,Peerakiat Siriluethaiwattana
Deen Heshaam A.,Ariez Elyaas Deen Heshaam
Knowle J.,Julian Knowle
Davydenko P.,Philip Davydenko
Inglot D.,Dominic Inglot
Singh S.,Sanam Singh
Rosenholm P.,Patrik Rosenholm
Safwat M.,Mohamed Safwat
Smith J.P.,John Patrick Smith
Saville L.,Luke Saville
Weintraub A.,Amir Weintraub
Pouille L.,Lucas Pouille
Alund M.,Martin Alund
Garin C.,Christian Garin
Schwartzman D.,Diego Sebastian Schwartzman
Veger F.,Filip Veger
Arguello F.,Facundo Arguello
Rachidi Y.,Younes Rachidi
Granollers G.,Gerard Granollers
Carballes Baena R.,Roberto Carballes Baena
Struff J.L.,Jan Lennard Struff
Desein N.,Niels Desein
Cecchinato M.,Marco Cecchinato
Kyrgios N.,Nick Kyrgios
Vesely J.,Jiri Vesely
Basic M.,Mirza Basic
Corrie E.,Edward Corrie
Edmund K.,Kyle Edmund
Reid M.,Matt Reid
Ymer E.,Elias Ymer
Eriksson M.,Markus Eriksson
Kozlov S.,Stefan Kozlov
Pavic A.,Ante Pavic
Bossel A.,Adrien Bossel
Langer N.,Nils Langer
Ward A.,Alexander Ward
Gonzalez A.,Alejandro Gonzalez
Salamanca C.,Carlos Salamanca
Barrientos N.,Nicolas Barrientos
Londero J.I.,Juan Ignacio Londero
Gomez E.,Emilio Gomez
Struvay E.,Eduardo Struvay
Zverev A.,Alexander Zverev
King K.,Kevin King
Harrison C.,Christian Harrison
Westerhof B.,Boy Westerhof
Topic J.,Josko Topic
Coric B.,Borna Coric
Setkic A.,Aldin Setkic
Novak D.,Dennis Novak
Peliwo F.,Filip Peliwo
Mcdonald M.,Mackenzie Mcdonald
Bogaerts R.,Romain Bogaerts
Altamirano C.,Collin Altamirano
Herbert P.H.,Pierre Hugues Herbert
Khachanov K.,Karen Khachanov
Karatsev A.,Aslan Karatsev
Djere L.,Laslo Djere
Trongcharoenchaikul W.,Wishaya Trongcharoenchaikul
Jeong S.Y.,Suk Young Jeong
Chung H.,Hong Chung
Sekulic M.,Milos Sekulic
Mecir M.,Miloslav Mecir
Kokkinakis T.,Thanasi Kokkinakis
Nedunchezhiyan J.,Jeevan Nedunchezhiyan
Ramanathan R.,Ramkumar Ramanathan
Albot R.,Radu Albot
Nedovyesov A.,Aleksandr Nedovyesov
Zayed M.S.,Mousa Shanan Zayed
Hossam K.,Karim Hossam
Dzumhur D.,Damir Dzumhur
Thompson J.,Jordan Thompson
Rola B.,Blaz Rola
Daniel T.,Taro Daniel
Lama G.,Gonzalo Lama
Krstin P.,Pedja Krstin
Hank T.,Tigre Hank
Khaddari H.,Hicham Khaddari
Ciorcila P.,Patrick Ciorcila
Basilashvili N.,Nikoloz Basilashvili
Travaglia S.,Stefano Travaglia
Milojevic N.,Nikola Milojevic
Vaisse M.,Martin Vaisse
Michon A.,Axel Michon
Arnaboldi A.,Andrea Arnaboldi
Lokoli L.,Laurent Lokoli
Puetz T.,Tim Puetz
Smethurst D.,Daniel Smethurst
Olivo R.,Renzo Olivo
Thompson C.,Clay Thompson
Krueger M.,Mitchell Krueger
Diez S.,Steven Diez
Pasha N.,Nathan Pasha
De Paula F.,Fabiano De Paula
Galovic V.,Viktor Galovic
Donaldson J.,Jared Donaldson
Tiafoe F.,Francis Tiafoe
Schnur B.,Brayden Schnur
Rubin N.,Noah Rubin
Giron M.,Marcos Giron
Mcgee J.,James Mcgee
Nishioka Y.,Yoshihito Nishioka
Jasika O.,Omar Jasika
Takeuchi K.,Kento Takeuchi
Burquier G.,Gregoire Burquier
Gao X.,Xin Gao
Ouyang B.,Bowen Ouyang
Gerasimov E.,Egor Gerasimov
Wang C.,Chuhan Wang
Rublev A.,Andrey Rublev
Baluda V.,Victor Baluda
Gombos N.,Norbert Gombos
Vanni L.,Luca Vanni
Jarry N.,Nicolas Jarry
Escobar G.,Gonzalo Escobar
Androic T.,Toni Androic
Quigley E.,Eric Quigley
Martin F.,Fabrice Martin
Bolt A.,Alex Bolt
De Greef A.,Arthur De Greef
Munar J.,Jaume Munar
Giustino L.,Lorenzo Giustino
Silva F.,Frederico Ferreira Silva
Lestienne C.,Constant Lestienne
Vega Hernandez D.,David Vega Hernandez
Ilkel C.,Cem Ilkel
Trinker B.,Bastian Trinker
Donati M.,Matteo Donati
Gaio F.,Federico Gaio
Hamou M.,Maxime Hamou
Halys Q.,Quentin Halys
Gigounon G.,Germain Gigounon
Marterer M.,Maximilian Marterer
Fritz T.,Taylor Harry Fritz
Demoliner M.,Marcelo Demoliner
Sarkissian A.,Alexander Sarkissian
Galan D.E.,Daniel Elahi Galan Riveros
Gomez A.,Amaury Gomez
Trevisan M.,Matteo Trevisan
Eubanks C.,Christopher Eubanks
Hemery C.,Calvin Hemery
King D.,Daniel King Turner
Fratangelo B.,Bjorn Fratangelo
Paul T.,Tommy Paul
Shane R.,Ryan Shane
Shyla Y.,Yaraslau Shyla
Uchiyama Y.,Yasutaka Uchiyama
Niki T.,Takuto Niki
Zhang Ze,Zhizhen Zhang
Ymer M.,Mikael Ymer
Miedler L.,Lucas Miedler
Anderson O.,Oliver Anderson
Kovalik J.,Jozef Kovalik
Tearney F.,Finn Tearney
Barton M.,Matthew Barton
Lazov A.,Alexander Lazov
Kuzmanov D.,Dimitar Kuzmanov
Mmoh M.,Michael Mmoh
Monteiro T.,Thiago Monteiro
Patino L.,Luis Patino
Gomez L.,Lucas Gomez
Kicker N.,Nicolas Kicker
Opelka R.,Reilly Opelka
Ahouda A.,Amine Ahouda
Carreno Busta P.,Pablo Carreno Busta
Cachin P.,Pedro Cachin
Linzer M.,Michael Linzer
Caruso S.,Salvatore Caruso
Sonego L.,Lorenzo Sonego
Medvedev D.,Daniil Medvedev
Pavlasek A.,Adam Pavlasek
Bourgue M.,Mathias Bourgue
Barrere G.,Gregoire Barrere
Escobedo E.,Ernesto Escobedo
Choinski J.,Jan Choinski
Willis M.,Marcus Willis
Lamasine T.,Tristan Lamasine
Arvidsson I.,Isak Arvidsson
Soderlund C.,Carl Soderlund
Simonsson F.,Fred Simonsson
Moeller M.,Marvin Moeller
Satral J.,Jan Satral
Wessels L.,Louis Wessels
Mertl J.,Jan Mertl
Nikles J.,Johan Nikles
Bellier A.,Antoine Bellier
Santillan A.,Akira Santillan
Cacic N.,Nikola Cacic
Serdarusic N.,Nino Serdarusic
Shapovalov D.,Denis Shapovalov
Smith A.,Austin Smith
Van Rijthoven T.,Tim Van Rijthoven
Myneni S.,Saketh Myneni
Ivashka I.,Ilya Ivashka
Bublik A.,Alexander Bublik
Ruud C.,Casper Ruud
Whittington A.,Andrew Whittington
Maden Y.,Yannick Maden
De Loore J.,Joris De Loore
Ram R.,Ruben Ramirez Hidalgo
Martin A.,Andrej Martin
Jones G.,G Jones
Ram A.,Antso Rakotondramanga
Daniel M.,Marcus Daniell
Elgin M.,Mikhail Elgin
Lopez M.,Marc Lopez
Goodall J.,Josh Goodall
Kuznetsov A.,Alex Kuznetsov
Maamoun K.,Karim Mohamed Maamoun
Chung H.,Hyeon Chung
Wang C.,Chieh Fu Wang
Gomez A.,Alejandro Gomez GB42
King D.,Darian King
Ram R.,Rami Osman
Martin A.,Andres Artunedo Martinavarr
Jones G.,Gd Jones
